"Predictor","Optimal_Lambda","Original_R_squared","Original_Adj_R_squared","Transformed_R_squared","Transformed_Adj_R_squared"
"weighted_population",-0.0606060606060606,0.00674190556257321,0.00642537971985901,0.0078863524321802,0.00757019129528791
"average_hh_size",-0.0606060606060606,0.0656812748733785,0.0653835314937971,0.0705243993607086,0.070228199360505
"pct_male",-0.0606060606060606,3.77696201450473e-05,-0.0002808926584974,2.17234911428633e-05,-0.000296943900988778
"pct_hh_internet",-0.0606060606060606,0.275184052906115,0.274953072680783,0.256579096573316,0.256342187426271
"pct_employed",-0.0606060606060606,0.168733277036089,0.16846837368269,0.163941115785831,0.16367468529373
"pct_obese_adults",-0.0606060606060606,0.344270617054843,0.344061652943006,0.321962786588626,0.321746713544199
"pct_white",-0.0606060606060606,0.110210590226083,0.109927037195563,0.0858141197566288,0.0855227921975965
"pct_adult_smokers",-0.0606060606060606,0.374706544765829,0.374507279802402,0.351680825432311,0.0855227921975965
